{
    "grades": [
        {
            "name":"O",
            "remarks": "Outstanding",
            "min_range":90,
            "max_range":100
        },
        {
            "name":"E",
            "remarks": "Execellent",
            "min_range":80,
            "max_range":89
        },
        {
            "name":"A",
            "remarks": "Very Good",
            "min_range":70,
            "max_range":79
        },
        {
            "name":"B",
            "remarks": "Good",
            "min_range":60,
            "max_range":69
        },
        {
            "name":"A",
            "remarks": "Fair",
            "min_range":50,
            "max_range":59
        },
        {
            "name":"A",
            "remarks": "Below Average",
            "min_range":40,
            "max_range":49
        },
        {
            "name":"I",
            "remarks": "Incomplete",
            "min_range":0,
            "max_range":0
        }
    ]
}
